Strategy,ROC-AUC
mean,0.7052710573476701
median,0.7030936379928316
